,profiles,title,page_id
0,66231086,Arun Alexander,
1,66819174,Ashkar Saudan,
2,63849548,Athar Siddiqui,
3,62831954,Lochani Bag,
4,59669435,Pukhraj Bhalla,
5,42395698,Punarnavi Bhupalam,
6,13491433,Ram Charan,
7,63352752,Shaji Chaudhary,
8,64211218,Senthil Ganesh,
9,66451502,Adarsh Gourav,
10,43564953,Kapil Jhaveri,
11,1967356,Pawan Kalyan,
12,60828920,Bhaurao Karhade,
13,65206842,Kemparaj Urs,
14,60409184,Harish Khanna (actor),
15,63072444,Mansukh Chaturvedi ki Atmakatha,
16,66441668,Rabi Mishra,
17,4681491,Karishma Modi,
18,64313330,Navarasan,
19,7903276,Navdeep,
20,4774516,Prabhas,
21,65622058,Saurabh Sachdeva,
22,64451932,Reshmi Soman,
23,66090632,Soumitra Bannerjee,
24,64203063,Alexandar Soundarrajan,
25,63761214,Suhas,
26,5888467,Ravi Teja,
27,56562534,Ayi Tendulkar,
28,63366320,Mathew Thomas,
29,27703819,Ananth Vaidyanathan,
30,64715967,Parmish Verma,
31,62483226,Lists of Indian actors,
32,17690046,List of Indian child actors,
33,13999425,List of Indian comedians,
34,914237,List of Indian male film actors,
35,39547489,List of Marathi film actors,
36,7768933,List of singing actors in Indian cinema,
37,5234356,List of actors of Tamil origin,
38,9186416,List of Tamil film actors,
39,51055409,List of Indian television actors,
40,66206101,List of Marathi television actors,
41,62517183,Neha Amandeep,
42,66811088,Dhanya Ananya,
43,64421286,Sridevi Ashok,
44,60171401,Sanskruti Balgude,
45,40852123,Pooja Banerjee,
46,61676904,Manju Bharti,
47,42395698,Punarnavi Bhupalam,
48,65159247,Chandini Chowdary,
49,66238830,Anita Date-Kelkar,
50,63952576,Lakshmi Devy,
51,65695074,Geetanjali Mishra,
52,50386841,Rucha Inamdar,
53,65377136,M. Jayashree,
54,40136622,Gurbani Judge,
55,56521334,Lakshmi Kanakala,
56,59094738,Lekshmi Krishnamoorthy,
57,14718135,K. P. A. C. Lalitha,
58,63824486,Palak Lalwani,
59,16923868,Malashri,
60,62879193,Nanjil Nalini,
61,65518414,Natashaa Iyer,
62,58562673,Rashmi Nigam,
63,65371997,Niilam Paanchal,
64,17130995,Dipika O'Neill Joti,
65,3405103,Jaya Prada,
66,63151170,Praveena Bhagyaraj,
67,62657095,Priyanka Nalkari,
68,23519929,Divya Rana,
69,64411188,Revathi Pillai,
70,66314263,Madhurima Roy,
71,60289540,Yesha Rughani,
72,47011938,Keerthana Sabarish,
73,64672453,Dipa Sahu,
74,58208024,Nazea Hasan Sayed,
75,65213792,Shanta Hublikar,
76,61037701,Aneesh Sheth,
77,59367219,Nidhi Singh,
78,10902770,Niruta Singh,
79,47093570,Chandini Sreedharan,
80,61854550,Anila Sreekumar,
81,51606592,Allari Subhashini,
82,61553264,Sudeepa Singh,
83,59429194,Nidhi Sunil,
84,35553969,Meenakshi Thapar,
85,7407221,Lhakpa Tsamchoe,
86,65062782,Upasana RC,
87,59798565,Pauly Valsan,
88,36897590,Surekha Vani,
89,62531564,Arjun Das,
90,63849548,Athar Siddiqui,
91,34690489,Sudheer Babu,
92,21905889,Haradhan Bandopadhyay,
93,24061330,Naga Chaitanya,
94,58532684,Varun Chakravarthy,
95,13491433,Ram Charan,
96,61689755,Aakash Dabhade,
97,65445102,Jayanta Das,
98,48310158,Viswant Duddumpudi,
99,66572168,Dibyojyoti Dutta,
100,66451502,Adarsh Gourav,
101,55503533,Sameer Hasan,
102,62874466,Ketan Karande,
103,2322907,Arbaaz Ali Khan,
104,62101430,Ashmith Kunder,
105,35622534,Dindigul I. Leoni,
106,55790321,Kalabhavan Navas,
107,7903276,Navdeep,
108,62751939,Sanjeev Pandey,
109,24388759,Aadhi Pinisetty,
110,36901411,Prudhvi Raj,
111,61665099,Laxman Singh Rajput,
112,51229306,Nikesh Ram,
113,55084891,Rahul Ramakrishna,
114,46441674,Kali N. Rathnam,
115,66055916,Ravi Krishna (actor),
116,44652295,Saptagiri (actor),
117,6016641,Srikanth (Telugu actor),
118,65311747,Sudhangan,
119,63761214,Suhas,
120,13774086,Sunil (actor),
121,59783148,Vasuki Vaibhav,
122,62968985,Vinod Kapoor,
123,36245935,Ramaprasad Banik,
124,37992119,Meghnad Bhattacharya,
125,66601647,Neel Bhattacharya,
126,62668283,Abhijit Guha (director),
127,65766512,Purnendu Mukherjee,
128,66611151,Sabyasachi Chowdhury,
129,66139929,Shakti Thakur,
130,66090632,Soumitra Bannerjee,
131,30470992,Gaurav Bajaj,
132,65325927,Surya Kiran (director),
133,17690046,List of Indian child actors,
134,64686487,Kavish Majumdar,
135,63746118,Master Viswam,
136,2701420,Nafisa Ali,
137,3547628,Ambareesh,
138,32162309,Malavika Avinash,
139,2633269,Raj Babbar,
140,3071982,Bachchan family,
141,1828,Amitabh Bachchan,
142,1133400,Jaya Bachchan,
143,42239221,George Baker (Indian actor),
144,2184258,Nandamuri Balakrishna,
145,35242542,Kumar Bangarappa,
146,7287912,Nitish Bharadwaj,
147,37854463,Mimi Chakraborty,
148,36302925,Ushasie Chakraborty,
149,5315888,Mukhyamantri Chandru,
150,35876435,Locket Chatterjee,
151,7012340,Harindranath Chattopadhyay,
152,620504,Chiranjeevi,
153,35368628,Akash Dasnayak,
154,973991,Sunny Deol,
155,20161262,Dev (Bengali actor),
156,28182827,Devan (actor),
157,539817,Dharmendra,
158,889645,Sanjay Dutt,
159,620669,Sunil Dutt,
160,858980,Sivaji Ganesan,
161,21699217,K. B. Ganesh Kumar,
162,9824028,Roopa Ganguly,
163,1630516,Suresh Gopi,
164,1839078,Govinda (actor),
165,222346,Kamal Haasan,
166,8588399,Nandamuri Harikrishna,
167,3463255,Innocent (actor),
168,731496,Smriti Irani,
169,35248778,F. G. Natesa Iyer,
170,3245805,Javed Jaffrey,
171,8249024,Jagadish,
172,4863251,Jaggayya,
173,2945369,Jaggesh,
174,32523642,Nusrat Jahan,
175,15584094,Jamuna (actress),
176,2263800,V. N. Janaki,
177,30876250,J. Jayalalithaa,
178,41897656,B. Jayashree,
179,7864469,Jayasudha,
180,2635969,Beena Kak,
181,1967356,Pawan Kalyan,
182,4191927,Mahesh Kanodia,
183,24933955,Naresh Kanodia,
184,3665776,Karthik (actor),
185,4902275,Karunas,
186,28980649,Vaishali Kasaravalli,
187,19864601,Navaneet Kaur,
188,58056464,Kavitha (actress),
189,56160097,Arshi Khan,
190,1862733,Rajesh Khanna,
191,2927534,Vinod Khanna,
192,30865214,Kirron Kher,
193,9338047,Ravi Kishan,
194,60855587,Amol Kolhe,
195,400306,Dilip Kumar,
196,31663284,Shashi Kumar,
197,23523668,Paidi Lakshmayya,
198,25901420,Chindodi Leela,
199,64393142,Saurav Lokesh,
200,2944363,O. Madhavan,
201,60096214,Harihara Mahapatra,
202,19957323,Siddhanta Mahapatra,
203,539884,Hema Malini,
204,4294355,Mahesh Manjrekar,
205,3498083,Bhagwant Mann,
206,1379933,Urmila Matondkar,
207,32454819,Babu Mohan,
208,8045117,Murali Mohan,
209,19915496,Anubhav Mohanty,
210,19678024,Aparajita Mohanty,
211,4316896,Mukesh (actor),
212,19391458,Murali (Malayalam actor),
213,17795640,M. K. Muthu,
214,2448867,Anant Nag,
215,8660545,Nagma,
216,43706266,B. T. Lalitha Naik,
217,19397610,Prashanta Nanda,
218,10702861,Napoleon (actor),
219,16589441,Naresh (actor),
220,684951,Nargis,
221,38493862,Kajal Nishad,
222,8003006,Gul Panag,
223,25037069,Arun Pandian,
224,37037442,Pandiyan (actor),
225,33743464,Chirag Paswan,
226,29226798,B. C. Patil,
227,10360119,Tapas Paul,
228,3405103,Jaya Prada,
229,43595594,Bullet Prakash,
230,3674134,Prakash Raj,
231,18708208,T. Rajendar,
232,7275752,Krishnam Raju,
233,7946994,Rakshita,
234,222907,N. T. Rama Rao,
235,471623,M. G. Ramachandran,
236,12217903,S. Ramadoss,
237,6865910,Dasari Narayana Rao,
238,10678179,Kota Srinivasa Rao,
239,8356496,Rao Gopal Rao,
240,2701457,Paresh Rawal,
241,18985871,J. K. Rithesh,
242,4013256,Roja (actress),
243,9801103,Sandhya Roy,
244,9823557,Satabdi Roy,
245,3536669,R. Sarathkumar,
246,6865642,Kaikala Satyanarayana,
247,5590996,Rakhi Sawant,
248,14987776,Seeman (politician),
249,3127968,Moon Moon Sen,
250,10346665,Sharada (actress),
251,12835452,S. Ve. Shekher,
252,40218294,Shilpa Shinde,
253,1916329,Dara Singh,
254,38259612,Poonam Sinha,
255,752312,Shatrughan Sinha,
256,4419381,Divya Spandana,
257,11268740,Sumalatha,
258,12580402,Thol. Thirumavalavan,
259,24183745,Manoj Tiwari,
260,30607671,Vani Tripathi,
261,6686358,Arvind Trivedi,
262,34940971,Upendra Trivedi,
263,18486455,Umashree,
264,1355575,Upendra (actor),
265,1848562,Vijayakanth,
266,4398885,Vijayashanti,
267,25292691,Vani Viswanath,
268,5445094,Vyjayanthimala,
269,37255013,Dinesh Lal Yadav,
270,35629981,Chetanya Adib,
271,24017033,Anirudh Agarwal,
272,66349286,Shweta Agarwal,
273,66549476,Yash Ahlawat,
274,62173518,Amritha Aiyer,
275,49482596,Devi Ajith,
276,13857168,Aravind Akash,
277,18985704,Snigdha Akolkar,
278,43905411,Maya Alagh,
279,66231086,Arun Alexander,
280,41378214,Shagufta Ali,
281,38077846,Allu Sirish,
282,53294418,Boban Alummoodan,
283,43448258,Sandra Amy,
284,16942001,Akshay Anand,
285,60382860,Chandan K Anand,
286,59921472,Mahesh Anand,
287,41638916,Sahil Anand,
288,37895277,Uma Anand,
289,53612398,Anju Kurian,
290,60161517,Anna Ben,
291,53636597,Niranjana Anoop,
292,58455075,Jennifer Antony,
293,60042343,Lizzie Antony,
294,34741451,Anju Aravind,
295,65353580,Archana (Kannada actress),
296,55614909,Raj Arjun,
297,66819174,Ashkar Saudan,
298,63217345,Arjun Ashokan,
299,64210546,Iqbal Azad,
300,10574880,Tanvi Azmi,
301,25002199,Anand Babu,
302,17505912,Chitti Babu (Tamil actor),
303,8063796,Prasad Babu,
304,30470992,Gaurav Bajaj,
305,63436462,Santhy Balachandran,
306,22267706,T. S. Balaiah,
307,56359618,Balaraj,
308,41355040,D. Balasubramaniam,
309,40273879,R. Balasubramaniam,
310,60171401,Sanskruti Balgude,
311,61632145,Aruna Balraj,
312,49062657,Shwetha Bandekar,
313,61063209,Satya Bandyopadhyay,
314,37493668,Kamalika Banerjee,
315,43350799,Samita Bangargi,
316,36038436,Ashok Banthia,
317,42565514,Amrita Lal Basu,
318,38837741,Anubrata Basu,
319,35028567,Gangapada Basu,
320,44057210,Kenny Basumatary,
321,11776777,Purva Bedi,
322,19178803,Firoza Begum (actress),
323,38643077,Mumtaz Begum (actress),
324,56882879,Hema Bellur,
325,51493923,Sajitha Betti,
326,27370572,Sebastian Kunjukunju Bhagavathar,
327,19400124,Saranya Bhagyaraj,
328,18975326,Nandini Bhaktavatsala,
329,15136222,Ashima Bhalla,
330,28522311,Attin Bhalla,
331,1306853,Pushkar Bhan,
332,58238716,Ditya Bhande,
333,23307232,Samit Bhanja,
334,36420034,Kishore Bhanushali,
335,20712080,Shweta Bhardwaj,
336,44223590,Amit Bhargav,
337,20757621,Bhargavi (actress),
338,44911446,Manju Bhashini,
339,16923834,Ramesh Bhat,
340,57082749,Ashwath Bhatt,
341,41908713,Dibyendu Bhattacharya,
342,53731381,Indraneel Bhattacharya,
343,56339114,Saheb Bhattacharya,
344,8161779,Ashwini Bhave,
345,54598582,Uma Bhende,
346,13290023,Deven Bhojani,
347,61632848,Nimu Bhowmik,
348,45704911,Titas Bhowmik,
349,42395698,Punarnavi Bhupalam,
350,29052758,Rishi Bhutani,
351,19140311,Nicolette Bird,
352,57305604,Tulsi Lahiri,
353,46834064,Aravind Bolar,
354,61779791,Alankrita Bora,
355,65206127,Asha Bordoloi,
356,45414430,Parineeta Borthakur,
357,19633969,Kaberi Bose,
358,20906677,Tarun Bose,
359,63662119,Madhuri Braganza,
360,52742109,Raj Brar,
361,47149330,Megha Burman,
362,42457993,Prince Cecil,
363,45266514,Shine Tom Chacko,
364,36297471,Rita Dutta Chakraborty,
365,59519975,Ronjini Chakraborty,
366,17572831,Chalam (actor),
367,15442706,Bhanu Chander,
368,43471845,Sonu Chandrapal,
369,27033189,Deepa Chari,
370,66820710,Kalyan Chatterjee,
371,21936998,Anil Chatterjee,
372,21940257,Biplab Chatterjee,
373,17555799,Tapen Chatterjee,
374,44213916,Abhinav Chaturvedi,
375,35244253,Vikrant Chaturvedi,
376,52516782,Arav Chaudhary,
377,63947768,Bava Chelladurai,
378,39298223,Ashwin Chitale,
379,58651063,Shubhaavi Choksey,
380,58016568,Ujjwal Chopra,
381,54978470,Karmveer Choudhary,
382,36857940,Dinyar Contractor,
383,47128574,Andria D'Souza,
384,13621714,Parvin Dabas,
385,61689755,Aakash Dabhade,
386,13089288,D. D. Dabke,
387,5625177,Benaf Dadachandji,
388,43723632,Srushti Dange,
389,41986973,Freddy Daruwala,
390,64555075,Jyotsna Das,
391,25113329,Naina Das,
392,56848224,Rekha Das,
393,63976783,Rubel Das,
394,37436576,Bidushi Dash Barde,
395,57135801,Bhoomika Dash,
396,49340327,Niharika Dash,
397,22402937,Parzaan Dastur,
398,57038397,Gopal Datt,
399,36363906,Rakesh Deewana,
400,38324572,Seema Deo,
401,40349420,Madan Deodhar,
402,41232548,Anang Desai,
403,33268167,Mukul Dev,
404,55860889,Saara Deva,
405,39457297,Aishwarya Devan,
406,32601295,Prajwal Devaraj,
407,30727734,Ambili Devi,
408,24132663,Kamala Devi (actress),
409,38803001,Bal Dhuri,
410,56350520,Dingri Nagaraj,
411,41089040,Saurabh Dubey (actor),
412,20127639,Ganeshkar,
413,40756821,Surilie Gautam,
414,57009229,Sihi Kahi Geetha,
415,41378422,Neha Gehlot,
416,15327493,Reshmi Ghosh,
417,25166452,Salim Ghouse,
418,39793844,Parminder Ghumman,
419,7208408,Benjamin Gilani,
420,40395398,Avtar Gill,
421,41197605,Bombay Gnanam,
422,53747273,Shrirang Godbole,
423,54040773,Amrita Gogoi,
424,4113906,Vikram Gokhale,
425,53031326,Gokulnath,
426,45653753,Abhinav Gomatam,
427,31563267,Dheerendra Gopal,
428,51619176,Badava Gopi,
429,56766900,Raja Gosavi,
430,34033979,Ravi Gossain,
431,13202001,Moloya Goswami,
432,17480103,Kumar Govind,
433,59412681,Pallavi Gowda,
434,54133928,Sumit Gulati,
435,20591152,Archanna Guptaa,
436,48192839,Gautam Gupta,
437,39685744,Puja Gupta (actress),
438,50343904,Saurav Gurjar,
439,36237788,Guruprasad,
440,49951693,Ashraful Haque (actor),
441,51763263,Harsha Chemudu,
442,40349764,Iravati Harshe,
443,42798329,Sharib Hashmi,
444,33538325,Imran Hasnee,
445,46496664,Queen Hazarika,
446,37468135,Pakkhi Hegde,
447,30653586,Dinesh Hingoo,
448,56712453,Master Hirannaiah,
449,37974423,Anwar Hussain (actor),
450,58109945,Zoya Hussain,
451,48393165,Rohini Mariam Idicula,
452,42577608,Ilavarasi,
453,50386841,Rucha Inamdar,
454,27363391,Poornima Indrajith,
455,44377873,Vasu Inturi,
456,10040685,Daisy Irani,
457,4997110,Delnaaz Irani,
458,29998371,Manik Irani,
459,31726396,Irshad (actor),
460,42064215,Kannan Iyer,
461,22384312,Siddhartha Jadhav,
462,31663636,Jai Jagadish,
463,40902506,Aradhana Jagota,
464,17829591,Bank Janardhan,
465,40377132,Ravikumar (actor),
466,59685808,Chirag Jani (actor),
467,13629959,Kiran Janjani,
468,18540076,Jankidas,
469,50528428,Surbhi Javeri Vyas,
470,8161649,Smita Jaykar,
471,38654164,Jeevitha,
472,37030495,Jenny (actor),
473,35489069,Deepak Jethi,
474,35758665,Shriya Jha,
475,39051340,Jilloo,
476,37281060,Anant Jog,
477,14619178,Jomol,
478,61627687,Aswin Jose,
479,32877583,Keerikkadan Jose,
480,56658589,Pramila Joshai,
481,36154558,Deepika Joshi-Shah,
482,38326002,Anshuman Joshi,
483,14967410,Asawari Joshi,
484,45084776,Hrishikesh Joshi,
485,18183232,Rajesh Joshi (actor),
486,32353785,Rasika Joshi,
487,3442764,Sudhir Joshi,
488,38906258,Santosh Juvekar,
489,37409700,Sanober Kabir,
490,28724070,Gayatri Kachru,
491,38448663,Kamini Kadam,
492,47436587,Ravi Kale,
493,36060452,Pawan Kalra,
494,42297965,Kamal Roy,
495,36426411,Durgabai Kamat,
496,48346990,Devadas Kanakala,
497,26878673,T. Kanakam,
498,19096105,Anita Kanwal,
499,14347696,Anita Kanwar,
500,55671523,Manjula Kanwar,
501,37717868,Bikramjeet Kanwarpal,
502,7984370,Akshay Kapoor,
503,36027193,Mohan Kapoor,
504,17948509,Pinchoo Kapoor,
505,41424966,Sonia Kapoor,
506,47179727,Swati Kapoor,
507,14001811,Zafar Karachiwala,
508,19129362,Karan (actor),
509,38751552,Niharika Kareer,
510,18337805,Karpaga,
511,57103895,Bal Karve,
512,37234268,Yatin Karyekar,
513,61632593,Ananya Kasaravalli,
514,56727331,Sanketh Kashi,
515,56674066,Vijay Kashi,
516,45504696,Preet Kaur Madhan,
517,19864601,Navaneet Kaur,
518,64472155,Sharan Kaur,
519,35573843,Manish Kaushik (voice actor),
520,56966763,Keerthiraj,
521,46461150,Santhosh Keezhattoor,
522,63381416,Sarjano Khalid,
523,24651863,Javed Khan Amrohi,
524,46633947,Adnan Sajid Khan,
525,24814822,Ayaz Khan,
526,47395660,Jameel Khan,
527,59555569,Kazan Khan,
528,45466985,Lehar Khan,
529,40626711,Razak Khan,
530,45697715,"Sara Khan (actress, born 1985)",
531,51356673,Yusuf Khan (actor),
532,38403443,Geeta Khanna,
533,62625534,Pramod Khanna,
534,30591853,Sucheta Khanna,
535,11008749,Ananya Khare,
536,37704953,Sonali Khare,
537,55769972,Avantika Khattri,
538,42544725,Saiyami Kher,
539,60122329,Jesus Kherkatary,
540,13277516,Aushim Khetarpal,
541,44020273,Amita Khopkar,
542,61401421,Iboyaima Khuman,
543,40210860,Harsh Khurana,
544,56882966,Nikhil Khurana,
545,34524287,Naga Kiran,
546,41820394,Vinoth Kishan,
547,55923560,Rita Koiral,
548,43393961,Chintaman Ganesh Kolhatkar,
549,24831905,Chittaranjan Kolhatkar,
550,64626317,Nagaraj Kote,
551,19009245,Kaizaad Kotwal,
552,9093571,Jayant Kripalani,
553,43968869,Krishna (Kannada actor),
554,41727507,Krishna (Malayalam actor),
555,56185815,Honnavalli Krishna,
556,35178962,Tennis Krishna,
557,62011131,Krishnamoorthy (actor),
558,43485460,M. R. Krishnamurthy,
559,40461644,Meera Krishnan,
560,64460123,Sreethu Krishnan,
561,23065910,Alka Kubal,
562,63398019,Jayram Kulkarni,
563,40593045,Saksham Kulkarni,
564,44651362,Darshan Kumar,
565,38267869,Dheeraj Kumar,
566,45643861,Jitendra Kumar,
567,18408287,Karthik Kumar,
568,51002190,Kolla Ashok Kumar,
569,36007002,Kunal Kumar,
570,33107337,Pawan Kumar (director),
571,35911460,Sulile Kumar,
572,21392892,Miss Kumari,
573,43728851,Amala Rose Kurian,
574,66476913,Arun Kurian,
575,9792356,Shishir Kurup,
576,48584383,Mayuri Kyatari,
577,47125155,Sunu Lakshmi,
578,32026844,Lalitha (actress),
579,51753751,Tambaram Lalitha,
580,44224139,Anoop Lather,
581,63371780,Likith Shetty,
582,27075561,Mudigonda Lingamurthy,
583,61036678,Lishoy,
584,60365441,Deepak Lohar,
585,26364539,Lokesh,
586,17428511,Ashok Lokhande,
587,22048569,Tanvi Ganesh Lonkar,
588,51057737,Alencier Ley Lopez,
589,44202010,Narayan Lucky,
590,24176225,Vaishnavi Mahant,
591,48392184,Pradeep Machiraju,
592,50369721,Nandu Madhav,
593,35508248,Sangita Madhavan Nair,
594,56852434,Michael Madhu,
595,40765289,Jangiri Madhumitha,
596,44739799,Madhunandan,
597,41858565,Madhuri (Tamil actress),
598,56356537,Shani Mahadevappa,
599,56195493,Mahalakshmi (Kannada actress),
600,42294713,Mahesh (Tamil actor),
601,63847952,Raju Singh Mahi,
602,59800622,Sauraseni Maitra,
603,38047273,Anashua Majumdar,
604,9813066,Masumeh Makhija,
605,41978048,Ankita Makwana,
606,25087281,Manu Malik,
607,47438062,Madhu Malini,
608,39272031,Manasy Veetinal,
609,48364406,Chinmay Mandlekar,
610,47524539,G. R. Mane,
611,50342774,Medha Manjrekar,
612,60799297,Shilpa Manjunath,
613,37364750,Sharry Mann,
614,42054794,Shamin Mannan,
615,24010119,Manohar (actor),
616,33539946,Anant Marathe,
617,56501145,Noby Marcose,
618,43969368,Jewel Mary,
619,19914073,Shabbir Masani,
620,46746305,Khan Mastana,
621,3981122,Suleka Mathew,
622,43970731,Reenu Mathews,
623,19325716,Mayoori (actress),
624,60568336,Meenakshi Goswami,
625,40120031,Meenal,
626,40767042,Neelam Mehra,
627,12810805,Soniya Mehra,
628,10652423,Ajay Mehta,
629,17472995,Anu Mehta,
630,39137546,Gaelyn Mendonca,
631,58102838,Aneesh G. Menon,
632,56909016,Krrish S. Kumar,
633,44364354,Poojitha Menon,
634,66625885,Praseetha Menon,
635,58432877,Samyuktha Menon,
636,38001122,Sekhar Menon,
637,22979156,Sheetal Menon,
638,62620521,Sowmya Menon,
639,17470439,Suresh Menon,
640,25478556,Dolly Minhas,
641,41454286,Minon,
642,63538729,Mirnalini Ravi,
643,45583560,Shireen Mirza,
644,55174977,Ayesha Raza Mishra,
645,36363764,Hemant Mishra,
646,57512740,Amit Mistry,
647,38987819,Sanjay Mitra (actor),
648,4681491,Karishma Modi,
649,38621469,Anu Mohan,
650,20112253,Chandra Mohan (Hindi actor),
651,19678024,Aparajita Mohanty,
652,44969239,Buddhaditya Mohanty,
653,35357543,Moolchand,
654,44207572,Jimmy Moses,
655,31798661,Kainaz Motivala,
656,53178310,Rathan Mouli,
657,52132280,Joy Kumar Mukherjee,
658,58651333,Kali Prasad Mukherjee,
659,56888582,Rwitobroto Mukherjee,
660,60467781,Sumitra Mukherjee,
661,27506083,Sreelekha Mukherji,
662,20817670,Mukkamala,
663,20914924,Munna (actor),
664,40500816,Anil Murali,
665,55089496,Karthika Muralidharan,
666,59379132,Vidya Murthy,
667,41435233,Aadukalam Murugadoss,
668,51054776,Renukamma Murugodu,
669,62596200,Muthukaalai,
670,18501614,Nadhiya,
671,36765750,Vinay Nadkarni,
672,15074950,Mukul Nag,
673,28170287,Nagabhushanam (actor),
674,43816860,Pradeep Nagar,
675,42751468,Milana Nagaraj,
676,57144220,Lambu Nagesh,
677,45572782,Ajay Nagrath,
678,37911114,G. V. Sudhakar Naidu,
679,57694952,Nishvika Naidu,
680,50114953,Manasi Naik,
681,54614011,Usha Naik,
682,12887892,Anaitha Nair,
683,39312227,Arun Nalawade,
684,36307253,Deepthi Nambiar,
685,53612375,Parvathy Nambiar,
686,54622348,Gowri Nandha,
687,33351815,Tabla Nani,
688,57201687,Sudha Narasimharaju,
689,38287445,Rachana Narayanankutty,
690,40742352,Poonam Narula,
691,37159146,Navya Natarajan,
692,62765145,Pavel Navageethan,
693,38001106,Kottayam Nazeer,
694,41458498,Neelu,
695,56682741,Negro Johnny,
696,32840473,Neha (actress),
697,58417660,Mehul Nisar,
698,38493862,Kajal Nishad,
699,26720630,Baby Niveditha,
700,19329072,Nisha Noor,
701,44226629,Alka Nupur,
702,53928822,Om Katare,
703,13631664,Quasar Thakore-Padamsee,
704,41593603,Raisa Padamsee,
705,9232556,Gufi Paintal,
706,57673298,Priyanshu Painyuli,
707,54447914,Amrit Pal (actor),
708,9560153,Divya Palat,
709,19284650,Pallavi (actress),
710,21146508,Sriram Panda,
711,41378318,Chetna Pande,
712,38159454,Daya Shankar Pandey,
713,44619299,Sudhir Pandey,
714,44763895,Aryan Pandit,
715,22186942,Gowri Pandit,
716,35890358,Shiv Panditt,
717,28615572,Bhavna Pani,
718,47744229,Panju (actor),
719,40134620,Deepa Parab,
720,44180197,Prathamesh Parab,
721,35547910,Prastuti Parashar,
722,29832272,Sushil Parashar,
723,29942995,Atul Parchure,
724,15431908,Brinda Parekh,
725,26159721,Ruby Parihar,
726,56119729,C. R. Parthiban,
727,43283290,Amita Pathak,
728,49153733,Asha Patil,
729,42954265,Patralekha Paul,
730,37521633,Rajeev Paul,
731,41622590,Pawan (actor),
732,43393726,Chintamani Govind Pendse,
733,37773494,Neha Pendse,
734,28433849,Poornima (Telugu actress),
735,18769024,Poornitha,
736,53867901,Daniel Annie Pope,
737,20817717,Rama Prabha,
738,61597164,Hema Prabhath,
739,44183411,Badekkila Pradeep,
740,51472481,Aryan Prajapati,
741,43595594,Bullet Prakash,
742,52633710,Roshni Prakash,
743,53900697,Shruti Prakash,
744,39127421,Pariva Pranati,
745,22318451,Nagendra Prasad,
746,56967174,Kuri Prathap,
747,19396112,Varsha Priyadarshini,
748,7908017,Diwakar Pundir,
749,38352729,Aarti Puri,
750,19140381,Koel Purie,
751,61366383,Amit Purohit,
752,24005534,R. K. (actor),
753,12516515,Raaghav,
754,66409321,T. P. Radhamani,
755,59239665,Ranjani Raghavan,
756,36900512,Ragini (Telugu actress),
757,23579510,Ragini (actress),
758,26529225,K. K. Raina,
759,41619355,Ashvin Raja,
760,36900289,Sivaji Raja,
761,40069037,Vatsala Rajagopal,
762,51191389,Mathivanan Rajendran,
763,53905796,Vikrant Singh Rajpoot,
764,9537466,Harsh Rajput,
765,59339220,Ruhaan Rajput,
766,26903517,C. Lakshmi Rajyam,
767,41492491,Prem Rakshith,
768,53252802,Ram Nagarkar,
769,57429691,R.T. Rama,
770,52991379,T. K. Ramachandran,
771,27641980,T. R. Ramachandran,
772,43807285,S. V. Ramadas,
773,31663120,Ramakrishna (Kannada actor),
774,49330711,Kunigal Ramanath,
775,49275264,Dheepa Ramanujam,
776,52677289,Chethan Ramarao,
777,23519929,Divya Rana,
778,35356734,Randhir (actor),
779,40377920,Rani (Tamil actress),
780,26424405,Ranjitha,
781,45194106,Arpit Ranka,
782,19640774,Prashant Ranyal,
783,50898575,G. V. Narayana Rao,
784,58554756,Gajraj Rao,
785,50520936,Gokina Rama Rao,
786,22417896,Narra Venkateswara Rao,
787,28318652,Sakshi Ranga Rao,
788,55122612,Sripada Kameswara Rao,
789,40285004,Ajay Rathnam,
790,66541922,Kushee Ravi,
791,58064652,Madala Ravi,
792,64258842,Pondy Ravi,
793,62038380,Indhuja Ravichandran,
794,53652193,Tanya Ravichandran,
795,47834743,Rammohan,
796,19907697,Mahasweta Ray,
797,1283615,Soni Razdan,
798,37775033,Virendra Razdan,
799,38948361,Kranti Redkar,
800,50285648,Isha Rikhi,
801,21756674,Manu Rishi,
802,55338202,Nirmal Rishi,
803,25435420,Richard Rishi,
804,14215609,Marc Robinson,
805,38066779,Sija Rose,
806,61515111,Roslin (Malayalam actress),
807,43748974,Angana Roy,
808,52478464,Aryann Roy,
809,66314263,Madhurima Roy,
810,1067297,Nirupa Roy,
811,47011938,Keerthana Sabarish,
812,44111216,Nilesh Sable,
813,66611151,Sabyasachi Chowdhury,
814,4096278,Priya Sachdev,
815,42419138,Poonam Sagar,
816,46957052,Samta Sagar,
817,36774645,Anamika Saha,
818,37747656,Nilesh Sahay,
819,64672453,Dipa Sahu,
820,61439955,Danish Akhtar Saifi,
821,44941618,Niyar Saikia,
822,36602224,Riya Saira,
823,57855775,Kubbra Sait,
824,54404219,Nimisha Sajayan,
825,51887174,Geetha Salam,
826,33872902,P. D. Sambandam,
827,5376330,Sameksha,
828,56888515,Sampath (actor),
829,23637731,Prabhleen Sandhu,
830,31792209,Sangeeta (Telugu actress),
831,38479329,Ra. Sankaran,
832,41199400,Revathi Sankaran,
833,41652491,Sanoop Santhosh,
834,23993353,Pahari Sanyal,
835,42147185,Sanyathara,
836,17630070,Sarathi,
837,44320136,Bala Saravanan,
838,28659207,Akhila Sasidharan,
839,25153903,Sreekala Sasidharan,
840,30555311,Ramayanam Sarveswara Sastry,
841,28340901,Tripuraribhatla Ramakrishna Sastry,
842,38790278,Sathaar,
843,38796854,Krish J. Sathaar,
844,56847567,Sathyabhama (actress),
845,56736387,Sathyajith (actor),
846,50717541,Varkala Sathyan,
847,28125811,Koccharlakota Satyanarayana,
848,36568787,Namrata Sawhney,
849,24043842,Anuj Saxena,
850,50276832,Aima Rosmy Sebastian,
851,20906918,Asit Sen (actor),
852,54415578,Nivaan Sen,
853,51633598,Rittika Sen,
854,43163940,Joy Sengupta,
855,40377649,Rajkumar Sethupathi,
856,54961950,V. Sethuraman,
857,37292201,Sonnalli Seygall,
858,10249181,Prachee Shah Paandya,
859,46722036,Karriena Shah,
860,35571910,Nawab Shah (actor),
861,24476885,Priyanka Shah,
862,15724402,Shakila (actress),
863,61533637,Shama Dulari,
864,44917888,Abhishek Shankar,
865,24174462,Mohan Shankar,
866,41495334,Shanmugarajan,
867,64617932,Shanthamma,
868,33268860,"Aditi Sharma (actress, born 1983)",
869,39850613,Archana Sharma,
870,43712785,Ashu Sharma,
871,58492299,Karanvir Sharma,
872,47298236,Karishma Sharma,
873,3184826,Kim Sharma,
874,26347746,Malini Sharma,
875,50435574,Mansi Sharma,
876,18984419,Mrinalini Sharma,
877,47055674,Neyha Sharma,
878,37021428,Rajesh Sharma (actor),
879,58635546,Soundarya Sharma,
880,46372771,Tunisha Sharma,
881,51521934,Vishal O Sharma,
882,65368642,H. R. Shastry,
883,63038117,Miss Shefali,
884,27221267,Shashank Shende,
885,41827316,Varuna Shetty,
886,40149706,Ashok Shinde,
887,43016432,Kedar Shinde,
888,40176752,Milind Shinde,
889,4461110,Shilpa Shirodkar,
890,46939491,Sushma Shiromani,
891,12249078,Malavika Shivpuri,
892,48148889,Ritu Shivpuri,
893,56728090,Shobaraj,
894,15557309,Tillotama Shome,
895,38051694,Pushkar Shrotri,
896,54349321,Abhay Shukla,
897,23214146,Amarjeet Shukla,
898,39852223,Anup Shukla,
899,3558275,Jhanak Shukla,
900,35296200,Rishabh Shukla,
901,4433384,P. Shwetha,
902,33756745,Sidharth Bharathan,
903,60282950,Savi Sidhu,
904,32016876,Teejay Sidhu,
905,57205976,Joe Simon (film director),
906,66312248,"Akash Singh (actor, born 1987)",
907,57105006,Anjana Singh,
908,30592253,Dakssh Ajit Singh,
909,5456347,Kanwaljit Singh (actor),
910,26791360,Nattasha Singh,
911,4250465,Simone Singh,
912,52826657,Yamini Singh,
913,29378631,Luv Sinha,
914,38259612,Poonam Sinha,
915,42435398,Prachi Sinha,
916,23521352,Pratibha Sinha,
917,48448425,Rishabh Sinha,
918,65397568,Smrity Sinha,
919,35316867,Shritha Sivadas,
920,36314609,Ooha,
921,41379140,Ekta Sohini,
922,44078959,Guru Somasundaram,
923,20554105,Sonu Gowda,
924,33943181,Soori (actor),
925,52736649,K. K. Soundar,
926,61854550,Anila Sreekumar,
927,31663631,Sridhar (actor),
928,55554139,Srikant Gautam,
929,66342932,Srikanth Iyyengar,
930,24163885,Sriman (actor),
931,58301831,Srinath Vasishta,
932,60181903,Srinivas Prabhu,
933,42744178,Shanmukha Srinivas,
934,24133700,Sriranjani (actress),
935,40671956,Sriranjini (Tamil actress),
936,21683958,Subair,
937,32885112,Shiv Kumar Subramaniam,
938,13774370,Dharmavarapu Subramanyam,
939,61553264,Sudeepa Singh,
940,37159390,Sujitha,
941,47299031,Sundar Krishna Urs,
942,44916384,Gowtham Sundararajan,
943,35527321,Sunder (actor),
944,61792514,Sunetra,
945,57008647,Sunil (Kannada actor),
946,63435144,Pazhani Swami,
947,38974187,Swasika,
948,47293799,Rajesh Tailang,
949,62235767,Raju Talikote,
950,37595029,Bhola Tamang,
951,40157934,Smita Tambe,
952,39993897,Lavina Tandon,
953,60007930,Rahil Tandon,
954,48048791,Shivani Tanksale,
955,13065755,Tara (actress),
956,13631295,Dolly Thakore,
957,27879508,Mona Thiba,
958,40165565,Shammi Thilakan,
959,18192760,Kollam Thulasi,
960,55361357,Swanandi Tikekar,
961,39664082,Tilak Shekar,
962,35843365,Bhushan Tiwari,
963,52257207,Kanika Tiwari,
964,48494418,Urmila Tiwari,
965,6686358,Arvind Trivedi,
966,40189040,Suchita Trivedi,
967,7407221,Lhakpa Tsamchoe,
968,40203144,Shruti Ulfat,
969,39008221,Jeet Upendra,
970,36956187,Neelu Vaghela,
971,10294374,Vaishnavi (Tamil actress),
972,48804686,Bhojaraj Vamanjoor,
973,56976340,Vanamala (actress),
974,43471792,Vandana Vithlani,
975,36897590,Surekha Vani,
976,55374596,Vanishree,
977,32321458,Mitalee Jagtap Varadkar,
978,57424351,Padma Vasanthi,
979,54988451,Halwa Vasu,
980,49211072,Vanitha Vasu,
981,40605898,Veeran,
982,25837010,Ochira Velukkutty,
983,35468410,Himarsha Venkatsamy,
984,8467930,Anupama Verma,
985,50394786,Pooja Verma,
986,66358176,Shivangi Verma,
987,41922333,Vichithra,
988,54390551,Vijay Kashyap,
989,44301153,Vijayakumari,
990,19676523,Sridevi Vijaykumar,
991,64622651,Sarigama Viji,
992,48247196,Vasu Vikram,
993,21050416,Master Vinayak,
994,36397210,Vineetha,
995,56298699,Kalloori Vinoth,
996,,Amitabh Bachchan,1828
997,,Amitabh Bachchan Corporation,24794734
998,,Amitabh Bachchan Falls,31376135
999,,Amitabh Bachchan Sports Complex,48495341
1000,,List of awards and nominations received by Amitabh Bachchan,11783043
1001,,Bachchan family,3071982
1002,,Don (character),44358023
1003,,Amitabh Bachchan filmography,19288364
1004,,Sanjay Dutt,889645
1005,,Sanjay Dutt filmography,36559115
1006,,List of awards and nominations received by Sanjay Dutt,12564814
1007,,Munna Bhai,7134992
1008,,Ananth Vaidyanathan,27703819
1009,,Harihara Mahapatra,60096214
1010,,Tamanna Vyas,59764310
1011,,Abbas (actor),6823738
1012,,Krishnendu Adhikari,58495007
1013,,Nigel Akkara,51393493
1014,,Mir Afsar Ali,19228685
1015,,Ashish Kumar (actor),50374426
1016,,Azim (actor),56337570
1017,,Masum Aziz,52304036
1018,,George Baker (Indian actor),42239221
1019,,Haradhan Bandopadhyay,21905889
1020,,Ajit Bandyopadhyay (actor),35024382
1021,,Dwijen Bandyopadhyay,55362631
1022,,Joy Banerjee,42653415
1023,,Rahul Banerjee (actor),19555036
1024,,Sarvadaman D. Banerjee,24747653
1025,,Aritra Dutta Banik,39106170
1026,,Asit Baran,57299780
1027,,Amrita Lal Basu,42565514
1028,,Biswanath Basu,41343952
1029,,Bratya Basu,27071095
1030,,Gangapada Basu,35028567
1031,,Bibhu Bhattacharya,34365342
1032,,Bijon Bhattacharya,4561704
1033,,Dhiraj Bhattacharya,56909009
1034,,Aryann Bhowmik,39098443
1035,,Chhabi Biswas,6085520
1036,,Tulsi Lahiri,57305604
1037,,Amol Bose,41817938
1038,,Debaki Bose,16795374
1039,,Gaurav Chakrabarty,32290333
1040,,Sabyasachi Chakrabarty,19269964
1041,,Arjun Chakraborty,18223906
1042,,Kushal Chakraborty,20794951
1043,,Mithun Chakraborty,1158886
1044,,Sayak Chakraborty,65640169
1045,,Soham Chakraborty,37292642
1046,,Abhishek Chatterjee,19955004
1047,,Biplab Chatterjee,21940257
1048,,Biswajit Chatterjee,5936815
1049,,Dhritiman Chatterjee,1414399
1050,,Hiran Chatterjee,20838768
1051,,Parambrata Chatterjee,16285789
1052,,Prosenjit Chatterjee,7692034
1053,,Saswata Chatterjee,21944954
1054,,Saheb Chatterjee,19916384
1055,,Shekhar Chatterjee,46460139
1056,,Siddartha Chatterjee,35541780
1057,,Soumitra Chatterjee,1941880
1058,,Tapen Chatterjee,17555799
1059,,Nripati Chattopadhyay,55403315
1060,,Tarun Kumar Chatterjee,48584980
1061,,Harindranath Chattopadhyay,7012340
1062,,Chiranjeet Chakraborty,19589601
1063,,Chanchal Chowdhury,24579508
1064,,Tota Roy Chowdhury,19343104
1065,,Subhra Sourav Das,54146754
1066,,Yash Dasgupta,42457578
1067,,Dipankar De,11744595
1068,,Dev (Bengali actor),20161262
1069,,K. C. Dey,7336609
1070,,Rajatava Dutta,34876766
1071,,Santosh Dutta,5154301
1072,,Swarup Dutta,61299652
1073,,Utpal Dutt,2034426
1074,,Shataf Figar,52846017
1075,,Ganguly family,6828596
1076,,Dhirendra Nath Ganguly,8615600
1077,,Bickram Ghosh,22264194
1078,,Rabi Ghosh,3384856
1079,,Rudranil Ghosh,19172461
1080,,Abir Goswami,39542166
1081,,Niranjan Goswami,49415247
1082,,Bipin Gupta,31101766
1083,,Ankush Hazra,38552327
1084,,Nirab Hossain,49607913
1085,,Jeet (actor),19149217
1086,,Mosharraf Karim,24616841
1087,,Kazi Khalek,56400495
1088,,Saif Ali Khan,1606261
1089,,Shakib Khan,28203862
1090,,Anoop Kumar,10553211
1091,,Anup Kumar (actor),19451202
1092,,Ashok Kumar,335006
1093,,Kishore Kumar,334547
1094,,Nirmal Kumar,58006036
1095,,Uttam Kumar,2318218
1096,,Silajit Majumder,20362112
1097,,Kunal Mitra,21190750
1098,,Deb Mukherjee,3588765
1099,,Gyanesh Mukherjee,64644801
1100,,Joy Mukherjee,4731988
1101,,Keshto Mukherjee,8574431
1102,,Kharaj Mukherjee,36308948
1103,,Mrinal Mukherjee,61761703
1104,,Pradip Mukherjee,47614529
1105,,Rwitobroto Mukherjee,56888582
1106,,Santu Mukherjee,40371378
1107,,Shantilal Mukherjee,40435093
1108,,Subhasish Mukherjee,36271490
1109,,Tathagata Mukherjee,46362189
1110,,Srijit Mukherji,28650700
1111,,Sujan Mukhopadhyay,51384776
1112,,Shiladitya Patranabis,20755877
1113,,Abdur Razzak (actor),4111546
1114,,Riaz (actor),31107564
1115,,Ziaul Roshan,54467935
1116,,Chinmoy Roy,21772865
1117,,Indrasish Roy,42111062
1118,,Koushik Roy,46754130
1119,,Kumar Roy,36801362
1120,,Pahari Sanyal,23993353
1121,,Asit Sen (actor),20906918
1122,,Chandan Sen,37282554
1123,,Kaushik Sen,20755985
1124,,Riddhi Sen,35787372
1125,,Jisshu Sengupta,19141578
1126,,Rudraprasad Sengupta,12749707
1127,,Subhrajit Dutta,63337532
1128,,Musafire Syed Bachchu,66357599
1129,,Rajen Tarafdar,34757646
1130,,Sarada Ukil,47734699
1131,,Nalneesh Neel,59052457
1132,,Ali (actor),11958482
1133,,Jaya Prada,3405103
1134,,Shah Rukh Khan,352699
1135,,List of awards and nominations received by Shah Rukh Khan,11990210
1136,,Don (character),44358023
1137,,Shah Rukh Khan filmography,35862563
1138,,The Inner and Outer World of Shah Rukh Khan,3287888
1139,,Gauri Khan,2458226
1140,,Shah Rukh Khan in the media,44767985
1141,,Vijay (actor),1342873
1142,,List of awards and nominations received by Vijay,38418312
1143,,Vijay filmography,45185859
1144,,List of songs recorded by Vijay,53175033
1145,,Arjun Chidambaram,62546222
1146,,Mu Ramaswamy,63423230
1147,,Anjali Abrol,56830866
1148,,Astha Agarwal,51252077
1149,,Niketa Agrawal,49756227
1150,,Baseer Ali,56474292
1151,,Fahad Ali,37044681
1152,,Alka Amin,36364318
1153,,Ayush Anand,55607147
1154,,Shakti Anand,26816389
1155,,Srinish Aravind,52081187
1156,,Paras Arora,33757127
1157,,Ritvik Arora,55197675
1158,,Vinny Arora,40218200
1159,,Sulbha Arya,56710210
1160,,Juhi Aslam,65206591
1161,,Abhishek Avasthi,23341870
1162,,Asma Badar,46379237
1163,,Gaurav S Bajaj,40378565
1164,,Smita Bansal,26624287
1165,,Sandeep Baswana,15230816
1166,,Priya Bathija,19621855
1167,,Sanjay Batra,32260991
1168,,Vicky Batra,40772630
1169,,Samridh Bawa,44617885
1170,,Ekroop Bedi,49631044
1171,,Chandni Bhagwanani,38675636
1172,,Krishna Bharadwaj (actor),54621097
1173,,Lavanya Bhardwaj,42722921
1174,,Rohit Bhardwaj,40979691
1175,,Sumit Bhardwaj,49860270
1176,,Praneet Bhat,43807810
1177,,Divya Bhatnagar,66078124
1178,,Jaya Bhattacharya,16472971
1179,,Nivedita Bhattacharya,15165417
1180,,Shruti Bisht,39098229
1181,,Riyanka Chanda,53914158
1182,,Shalini Chandran,20518824
1183,,Abhishek Chatterjee,19955004
1184,,Shail Chaturvedi,25346712
1185,,Aadesh Chaudhary,36418722
1186,,Ajay Chaudhary,40210280
1187,,Rajendra Chawla,56678094
1188,,Shwetha Chengappa,47609882
1189,,Tridha Choudhury,48671631
1190,,Vivek Dahiya,49631085
1191,,Sudhir Dalvi,2977749
1192,,Darshana Das,66401917
1193,,Poulomi Das,52451783
1194,,Saurav Das,56483049
1195,,Jishu Dasgupta,38029863
1196,,Shailesh Datar,37586988
1197,,Suhasi Dhami,30529687
1198,,Ashita Dhawan,30060746
1199,,Aparna Dixit,45532120
1200,,Amrapali Dubey,26671118
1201,,Prajakta Dusane,51357770
1202,,Samentha Fernandes,43738536
1203,,Vishal Gandhi,41232517
1204,,Rohan Gandotra,43116701
1205,,Suzane George,42052596
1206,,Tumpa Ghosh,57211945
1207,,Pushkar Goggiaa,43425019
1208,,Manav Gohil,2959645
1209,,Aly Goni,49294212
1210,,KK Goswami,40473433
1211,,Sandesh Gour,46381425
1212,,Amrapali Gupta,40185600
1213,,Megha Gupta,24702330
1214,,Vipul Gupta,40188799
1215,,Vinti Idnani,49621487
1216,,Madan Jain,56973443
1217,,Salony Jain,56862827
1218,,Shraddha Jaiswal,49621463
1219,,Urfi Javed,51441335
1220,,Puja Joshi,48114457
1221,,Sonalika Joshi,34431273
1222,,Vinit Kakar,52215355
1223,,Gunn Kansara,40852468
1224,,Shruti Kanwar,38048191
1225,,Akshita Kapoor,25114584
1226,,Anupriya Kapoor,28168541
1227,,Tisha Kapoor,50077187
1228,,Yukti Kapoor,52968901
1229,,Ketan Karande,62874466
1230,,Bharat Kaul,45186637
1231,,Neha Kaul,40767075
1232,,Parveen Kaur,52991578
1233,,Pratima Kazmi,19068557
1234,,Keerti Gaekwad Kelkar,11689642
1235,,Sameer Khakhar,56939182
1236,,Affan Khan,57538572
1237,,Alam Khan (actor),43460120
1238,,Aleeza Khan,40797817
1239,,"Mazhar Khan (actor, born 1955)",6186238
1240,,Rakshanda Khan,17540382
1241,,Chahatt Khanna,36217181
1242,,Shalini Khanna,29768423
1243,,Rajesh Khera,32841232
1244,,Kavithalaya Krishnan,40312132
1245,,Vijayendra Kumeria,49609647
1246,,Blessy Kurien,64640071
1247,,Sampurna Lahiri,37337928
1248,,Sunil Lahri,7784081
1249,,Laksh Lalwani,48432610
1250,,Lilliput (actor),55264310
1251,,Paaras Madaan,50388201
1252,,Jamnadas Majethia,34759896
1253,,Sid Makkar,16836952
1254,,Abhishek Malik,38639286
1255,,Ishaan Singh Manhas,47559410
1256,,Tanya Maniktala,64654504
1257,,Priya Marathe,37981669
1258,,Meherzan Mazda,50258035
1259,,Tapasvi Mehta,34493088
1260,,Meena Menon,36153050
1261,,Shalu Menon,45272388
1262,,Ajay Mishra (actor),55001020
1263,,Jennifer Mistry Bansiwal,35810840
1264,,Chhavi Mittal,40210723
1265,,Neel Motwani,49836565
1266,,Amrita Mukherjee,41196803
1267,,Avinash Mukherjee,40889305
1268,,Shritama Mukherjee,34369754
1269,,Madirakshi Mundle,48412003
1270,,Wasim Mushtaq,49488959
1271,,Swati Nanda,56212119
1272,,Ankit Narang,41808296
1273,,Shivin Narang,40210993
1274,,Nalini Negi,47173360
1275,,Anjul Nigam,13561935
1276,,Melissa Pais,28348673
1277,,Suhas Palshikar (actor),56983117
1278,,Sanjeev Pandey,62751939
1279,,Ridhima Pandit,52189746
1280,,Manasi Parekh,27760887
1281,,Sonal Parihar,45563620
1282,,Zahida Parveen,55736310
1283,,Pratibha Paul,46874360
1284,,Dinesh Phadnis,36049120
1285,,Sanaya Pithawalla,48251407
1286,,Archana Prajapati,58940870
1287,,Pearl V Puri,48394899
1288,,Rajesh Puri,38761638
1289,,Rohit Purohit,40209952
1290,,Mimicry Rajagopal,66278499
1291,,Mulraj Rajda,9036357
1292,,Sameer Rajda,8210045
1293,,Pallavi Ramisetty,59231166
1294,,Deepraj Rana,17429356
1295,,Shefali Rana,61551065
1296,,Ujjwal Rana,41526720
1297,,Vin Rana,50352660
1298,,Roshni Rastogi,49656999
1299,,Shravan Reddy,50188883
1300,,Tiyasha Roy,66409944
1301,,Divjot Sabarwal,49631052
1302,,Amit Sadh,8734491
1303,,Shalini Sahuta,52376788
1304,,Aditi Sajwan,43109865
1305,,Neha Sargam,50955869
1306,,Loveleen Kaur Sasan,44004064
1307,,Nirmiti Sawant,12748275
1308,,Nazea Hasan Sayed,58208024
1309,,Dhruv Sehgal,61083305
1310,,Papiya Sengupta,49609734
1311,,Soumya Seth,32057087
1312,,Pushtiie Shakti,26897678
1313,,Ishani Sharma,51056851
1314,,Karan Sharma (TV actor),41572607
1315,,Monica Sharma,46230126
1316,,Parichay Sharma,49492437
1317,,Pooja Sharma (Indian actress),39420825
1318,,Shivangi Sharma,40747395
1319,,Shruti Sharma (actress),61290973
1320,,Shubhi Sharma,42018194
1321,,Neetha Shetty,12756675
1322,,Anushka Singh,47168797
1323,,Eisha Singh,48420781
1324,,Garima Vikrant Singh,44779156
1325,,Hema Singh,51722394
1326,,Naina Singh,57566032
1327,,Rituraj Singh (actor),46289112
1328,,Vishal Aditya Singh,47721358
1329,,Sivannarayana Naripeddi,46510523
1330,,Dolly Sohi,51635219
1331,,Iira Soni,41355312
1332,,Richa Soni,29066216
1333,,Sohit Soni,59862688
1334,,Vijay Suriya,45203994
1335,,Shivani Surve,49276799
1336,,Shikha Swaroop,21384496
1337,,Vaishali Takkar,48800548
1338,,Rakhee Tandon (actress),6043355
1339,,Pari Telang,38807143
1340,,Tanvi Thakkar,40218350
1341,,Rajshree Thakur,10573756
1342,,Kamalika Guha Thakurta,47206444
1343,,Ridheema Tiwari,40727916
1344,,Surbhi Tiwari,40469355
1345,,Vindhya Tiwari,40283814
1346,,Sachal Tyagi,45257475
1347,,Fenil Umrigar,38214943
1348,,Sahil Uppal,57386494
1349,,Aneri Vajani,43815728
1350,,Alka Verma,29608965
1351,,Gunjan Vijaya,43461103
1352,,V.I.P. (comedian),26891396
1353,,Ginnie Virdi,49631070
1354,,Shrivallabh Vyas,17360212
1355,,Sumeet Vyas,52169811
1356,,Ajay Wadhavkar,56938408
1357,,Avinash Wadhawan,33552868
1358,,Gaurav Wadhwa,56828503
1359,,Manish Wadhwa,39885327
1360,,Niki Aneja Walia,9772815
1361,,Sweety Walia,54648763
1362,,S. M. Zaheer,36363379
1363,,Shiyas Kareem,66421047
1364,,Abhinay,39543209
1365,,Jolly Abraham,43573094
1366,,Achankunju,40457515
1367,,Papiya Adhikari,61659442
1368,,Agha (actor),13581433
1369,,Ajay (actor),33377555
1370,,Sheeba Akashdeep,42581603
1371,,Akhil (Tamil actor),39003041
1372,,Kedamangalam Ali,43550010
1373,,Shawar Ali,25214852
1374,,Sanjana Anand,61289031
1375,,Suneil Anand,10607368
1376,,Suparna Anand,12774575
1377,,Vishal Anand,43635688
1378,,Sam Anderson (Tamil actor),30268300
1379,,Anikha,46835683
1380,,Anil Nedumangad,63361953
1381,,Semmalar Annam,52215674
1382,,Appukutty,34090820
1383,,Aishwarya Arjun,39607568
1384,,Amrita Arora,3136185
1385,,Aruldoss,48875731
1386,,Arulnithi,29831291
1387,,Ashok (Kannada actor),31663546
1388,,Chembil Ashokan,46378602
1389,,Ann Augustine,27906736
1390,,Aarya Babbar,10584530
1391,,Babu Annur,63281040
1392,,Daniel Balaji,9326029
1393,,Yogeeta Bali,4578439
1394,,Karuna Banerjee,5912327
1395,,Smita Bansal,26624287
1396,,Geeta Basra,10850805
1397,,Zubeida Begum,21515116
1398,,Santhana Bharathi,10702932
1399,,Mrudhula Bhaskar,42947441
1400,,Deepti Bhatnagar,4649827
1401,,Bhavana Bhatt,21890833
1402,,Jhilik Bhattacharya,54991237
1403,,Adoor Bhavani,11252756
1404,,Shruti Bisht,39098229
1405,,Pranami Bora,53980591
1406,,John Cawas,34196398
1407,,Chaams,38950327
1408,,Megha Chakraborty,47143647
1409,,Chetan Chandra,39613811
1410,,Naveen Chandra,41883870
1411,,Charmila,38287597
1412,,Gurkirtan Chauhan,40084273
1413,,Sonika Chauhan,53918376
1414,,Abhijeet Chavan,38906565
1415,,Padma Chavan,46922318
1416,,Vijay Chavan,38965568
1417,,Preetika Chawla,41863136
1418,,Jaspinder Cheema,43178076
1419,,Shwetha Chengappa,47609882
1420,,Nirmala Chennappa,57429294
1421,,Vikram Chopra,17853061
1422,,Peeya Rai Chowdhary,4358636
1423,,Chunibala Devi,5859112
1424,,Jayanta Das,65445102
1425,,Dipankar De,11744595
1426,,Monica Desai,43761907
1427,,Ranjana Deshmukh,14613061
1428,,Advani Lakshmi Devi,26561188
1429,,Indira Devi (actress),57998660
1430,,Madhuri Devi,60624925
1431,,Vasundhara Devi,31488038
1432,,Riya Dey,47770940
1433,,Aman Dhaliwal,39827576
1434,,Dheena Chandra Dhas,22066538
1435,,Deep Dhillon,37242772
1436,,R. Dilip (Tamil actor),39472588
1437,,Tripti Dimri,59560574
1438,,Dinesh (Kannada actor),56373282
1439,,Poonam Dubey,54471100
1440,,Satyajeet Dubey,32574344
1441,,Elizer,61162108
1442,,Farjana,17868403
1443,,Gajala,17451620
1444,,Ashutosh Lobo Gajiwala,24326596
1445,,Dhananjay Galani,54974729
1446,,Bandla Ganesh,39251689
1447,,VTV Ganesh,32260767
1448,,Gangadhar,31663593
1449,,Naina Ganguly,54638124
1450,,Preeti Ganguly,6815858
1451,,Ganthimathi,33047210
1452,,Shailendra Gaur,6155055
1453,,Gayatri (actress),44364441
1454,,Rinku Ghosh,41999761
1455,,Dev Gill,37625169
1456,,Monica Gill,50829010
1457,,Priya Gill,7152570
1458,,Chandrakant Gokhale,43104454
1459,,Typist Gopu,41199939
1460,,Puja Gupta,11513823
1461,,Shivaji Guruvayoor,38104157
1462,,Hemanth Ravan,53934614
1463,,Zaheeda Hussain,37748056
1464,,Kalpana Iyer,12679897
1465,,Jagdeep,4660443
1466,,Shefali Jariwala,2082667
1467,,Jeevan (Tamil actor),5210900
1468,,Kranti Prakash Jha,52135509
1469,,Lijomol Jose,57310081
1470,,Jinu Joseph,44447731
1471,,Vikas Kalantri,9560143
1472,,Kanaka (actress),9934361
1473,,Rajiv Kapoor,6488481
1474,,Naveen Kasturia,49174579
1475,,Ranjeeta Kaur,10730995
1476,,Shadaab Khan,11384798
1477,,Tariq Khan (actor),41004851
1478,,Vinitha Koshy,54023213
1479,,Pradeep Kottayam,50919300
1480,,Vinod Kovoor,42031901
1481,,Hari Krishnan (actor),64100870
1482,,Kavithalaya Krishnan,40312132
1483,,Satya Krishnan,10778675
1484,,Krishnaveni (actress),8658592
1485,,Anoop Kumar,10553211
1486,,Padma Kumta,57289634
1487,,Sampurna Lahiri,37337928
1488,,Laila (actress),4807889
1489,,Kalpana Lajmi,12562893
1490,,Aditya Lakhia,11678084
1491,,Dinesh Lamba,8781055
1492,,Laya (actress),8563567
1493,,Sai Lokur,47952055
1494,,Madhoo,2459696
1495,,Abhay Mahajan,60612552
1496,,Antara Mali,4737000
1497,,Chandrakant Mandare,2325043
1498,,Roma Manek,61257484
1499,,Vaibhav Mangle,39110061
1500,,Prayaga Martin,44949654
1501,,Lal Chand Mehra,62311423
1502,,Ravi Menon,37241088
1503,,Shruthy Menon,48997975
1504,,Mohini (Assamese actress),12292512
1505,,Sharbani Mukherjee,2819899
1506,,Sheikh Mukhtar,7825391
1507,,Amar Mullick,58980160
1508,,Mithun Murali,41078891
1509,,Vivek Mushran,14647060
1510,,Suman Nagarkar,8202764
1511,,Karan Nath,11186399
1512,,Nitish Veera,63937280
1513,,Kumar Pallana,2728231
1514,,Nikhil Pandey,47642013
1515,,Yuvraaj Parashar,30385858
1516,,Yunus Parvez,9485196
1517,,Anuradha Patel,10553150
1518,,Biju Phukan,10107300
1519,,Aparna Pillai,25112977
1520,,Divya Pillai,52003682
1521,,Disha Poovaiah,43025446
1522,,Bhavani Prakash,61633119
1523,,Uday Prakash (actor),36361454
1524,,Prathista,46189066
1525,,Neeta Puri,57850990
1526,,Raasi (actress),9321409
1527,,Kausha Rach,10658449
1528,,Kajal Raghwani,50607006
1529,,Raja Shankar,57988626
1530,,Mimicry Rajagopal,66278499
1531,,C. T. Rajakantham,46453169
1532,,Anaswara Rajan,63081286
1533,,Rinku Rajguru,50396160
1534,,Rajkiran,11073577
1535,,Rajshree,4821619
1536,,Vimala Raman,12063968
1537,,A. V. Ramanan,5149645
1538,,Jithan Ramesh,7075780
1539,,Deepraj Rana,17429356
1540,,Kartika Rane,8803613
1541,,Rashmi (actress),63010397
1542,,Siddharth Ray,31781053
1543,,Jaya Prakash Reddy,26082138
1544,,M. Prabhakar Reddy,10811843
1545,,Saurabbh Roy,45218739
1546,,Aman Sandhu,53990429
1547,,P. J. Sarma,42335065
1548,,Nirmiti Sawant,12748275
1549,,Anuj Sawhney,7441543
1550,,Sohan Seenulal,61087944
1551,,Jagdish Sethi,7601791
1552,,Pradeep Shakthi,49497138
1553,,Sujith Shankar,53152933
1554,,Rajesh Sharma (Malayalam actor),52418827
1555,,Shashank (actor),6017090
1556,,Nitya Shetty,51433332
1557,,Aditi Singh (actress),52980443
1558,,Nispal Singh,45246132
1559,,Tanya Singh,56327702
1560,,Stun Siva,50712195
1561,,Sivannarayana Naripeddi,46510523
1562,,Sonam (actress),6233490
1563,,Vangara Venkata Subbaiah,26078111
1564,,Anjana Sukhani,10839690
1565,,Swarnamalya,10162466
1566,,Shafiq Syed,21829245
1567,,V. Suresh Thampanoor,51175201
1568,,Sibi Thomas,65065847
1569,,Mukesh Tiwari,24063724
1570,,Sindhu Tolani,7482856
1571,,Udaya Chandrika,41416659
1572,,Uma Riyaz Khan,20016547
1573,,Vidhya Unni,39301291
1574,,Vallathol Unnikrishnan,43288243
1575,,Unnimaya Prasad,60989765
1576,,Nakul Vaid,42915783
1577,,Nandhana Varma,66698112
1578,,Potti Veeraiah,41297909
1579,,Jeetu Verma,57555991
1580,,"Vijay Babu (actor, born 1951)",60659949
1581,,Vikranth,17465394
1582,,Aparna Vinod,50796805
1583,,George Vishnu,46978725
1584,,Vishnupriya (actress),46419358
1585,,Shrivallabh Vyas,17360212
1586,,Avinash Wadhawan,33552868
1587,,Manish Wadhwa,39885327
1588,,Rachel White (actress),55981803
1589,,Raiza Wilson,54571215
1590,,Manisha Yadav,36493228
1591,,Pragya Yadav,42797766
1592,,Shrikant Yadav,45186977
1593,,Sarala Yeolekar,54614666
1594,,Yuugg,51424707
1595,,S. M. Zaheer,36363379
1596,,Dev (Bengali actor),20161262
1597,,List of awards and nominations received by Dev (Bengali actor),59065599
1598,,Dev Entertainment Ventures,52677429
1599,,Dev filmography,55216535
1600,,Salman Khan,302167
1601,,List of awards and nominations received by Salman Khan,30353055
1602,,Being Human Foundation,49981824
1603,,Salman Khan filmography,36566596
1604,,Salman Khan Films,48873822
1605,,Rajinikanth,613534
1606,,For the Love of a Man,48907896
1607,,Rajinikanth filmography,10811072
1608,,List of awards and nominations received by Rajinikanth,30951380
1609,,Rajinikanth: The Definitive Biography,46395129
1610,,Kamal Haasan,222346
1611,,List of awards and nominations received by Kamal Haasan,19750546
1612,,Bigg Boss (Tamil season 2),57655848
1613,,Bigg Boss (Tamil season 3),60561608
1614,,Bigg Boss (Tamil season 4),65326490
1615,,Bigg Boss (Tamil TV series),54254048
1616,,Kamal Haasan discography,53076261
1617,,Kamal Haasan filmography,15684122
1618,,Akshara Haasan,41766923
1619,,Shruti Haasan,14790824
1620,,Kamal Haasan's unrealized projects,56651458
1621,,Raaj Kamal Films International,19375453
1622,,Mohanlal,478225
1623,,Aashirvad Cinemas,24083124
1624,,JT Pac,24117601
1625,,Lal Salam (talk show),55001143
1626,,List of songs recorded by Mohanlal,53134611
1627,,Maxlab Cinemas and Entertainments,24375810
1628,,Mohanlal filmography,2405565
1629,,List of awards and nominations received by Mohanlal,14509132
1630,,Pranavam Arts International,25623455
1631,,ViswaSanthi Foundation,65030162
1632,,Mahesh Champaklal,60172402
1633,,Jayanti Dalal,43715308
1634,,Sudheer Babu,34690489
1635,,Suhas,63761214
1636,,Aamir Khan,163038
1637,,Aamir Khan Productions,15018359
1638,,Aati Kya Khandala,21077789
1639,,Aamir Khan filmography,22084419
1640,,List of awards and nominations received by Aamir Khan,12001332
1641,,Paani Foundation,57433863
1642,,Anita Date-Kelkar,66238830
1643,,Balkrishna Shinde,63931588
1644,,Sidharth Shukla,25055816
1645,,Apurva Kasaravalli,61666905
1646,,Ashwanth Ashokkumar,64092835
1647,,Sudheer Babu,34690489
1648,,Abhishek Bajaj,64661016
1649,,Naga Chaitanya,24061330
1650,,Ram Charan,13491433
1651,,Nikhil Chavan,62216425
1652,,Rajendra Chawla,56678094
1653,,Arjun Chidambaram,62546222
1654,,Dwarka Divecha,41742813
1655,,Fawaz Zayani,66883879
1656,,Farrukh Jaffar,64302020
1657,,Ashish Kakkad,65748219
1658,,Pawan Kalyan,1967356
1659,,Kishan Shrikanth,3706068
1660,,List of Bhojpuri cinema actors,23961300
1661,,Kavish Majumdar,64686487
1662,,Manoj Nandam,64204523
1663,,Lal Chand Mehra,62311423
1664,,Mu Ramaswamy,63423230
1665,,Navdeep,7903276
1666,,Dileesh Pothan,46184255
1667,,Prabhas,4774516
1668,,Prashanth Siddi,65156804
1669,,Soubin Shahir,49127148
1670,,Riya Shukla,65458428
1671,,Mohar Singh (dacoit),64418542
1672,,Suhas,63761214
1673,,Ravi Teja,5888467
1674,,Vikram Thakor,47476707
1675,,Vishnu Vishal,22903253
1676,,Vizag Prasad,63138905
1677,,List of singing actors in Indian cinema,7768933
1678,,Begum Akhtar songs,45514335
1679,,List of Indian playback singers,914023
1680,,Nagaraj Kote,64626317
1681,,Sarigama Viji,64622651
1682,,Shiboprosad Mukherjee,47320997
1683,,List of Indian television actors,51055409
1684,,Ritvik Arora,55197675
1685,,Hitesh Bharadwaj,66845080
1686,,Rajendra Chawla,56678094
1687,,Paras Chhabra,61976269
1688,,Arhaan Khan,54372599
1689,,Ravi Krishna (actor),66055916
1690,,Shanavas Shanu,64792285
1691,,Abhishek Sharma (actor),62033770
1692,,Sudigali Sudheer,54325957
1693,,Vandana Vithlani,43471792
1694,,Satya Bandhyopadhyay,61069322
1695,,Satya Bandyopadhyay,61063209
1696,,Nimu Bhowmik,61632848
1697,,Kalyan Chatterjee,66820710
1698,,T. N. Gopinathan Nair,60570723
1699,,O. A. K. Thevar,62913067
1700,,Vizag Prasad,63138905
1701,,Pranayraj Vangari,64706876
1702,,Akhil (Tamil actor),39003041
1703,,Haidar Ali (actor),39746254
1704,,Arjun Das,62531564
1705,,Arjun Ashokan,63217345
1706,,Nadeem Baig (actor),7414692
1707,,Maadhu Balaji,10538726
1708,,Gunjan Bhardwaj,53500379
1709,,Neel Bhattacharya,66601647
1710,,Sabyasachi Chakrabarty,19269964
1711,,Pritish Chakraborty,37986926
1712,,Deepan Chakravarthy,43560111
1713,,Johnny Chakravarthy,39134967
1714,,Arjun Chidambaram,62546222
1715,,Aakash Dabhade,61689755
1716,,Senthil Ganesh,64211218
1717,,Ketan Karande,62874466
1718,,Arbaaz Ali Khan,2322907
1719,,Kishan Shrikanth,3706068
1720,,Ashmith Kunder,62101430
1721,,Kavish Majumdar,64686487
1722,,Manoj Nandam,64204523
1723,,Mu Ramaswamy,63423230
1724,,Nagarjuna (actor),2142373
1725,,Roger Narayan,64560683
1726,,Kalabhavan Navas,55790321
1727,,Sanjeev Pandey,62751939
1728,,Prashanth Siddi,65156804
1729,,Laxman Singh Rajput,61665099
1730,,"Akash Singh (actor, born 1987)",66312248
1731,,Vasuki Vaibhav,59783148
1732,,Vinod Kapoor,62968985
1733,,Vishwak Sen,61164736
1734,,Vizag Prasad,63138905
1735,,Ashwanth Ashokkumar,64092835
1736,,Shahid Kapoor,1016409
1737,,List of awards and nominations received by Shahid Kapoor,16995644
1738,,Shahid Kapoor filmography,47150232
1739,,Akshay Kumar,595801
1740,,List of awards and nominations received by Akshay Kumar,11833786
1741,,Akshay Kumar filmography,37487024
1742,,Grazing Goat Pictures,44217157
1743,,Hari Om Entertainment,29225439
1744,,Salil Acharya,26426152
1745,,Shabir Ahluwalia,11749598
1746,,Akshay Anand,16942001
1747,,Nikhil Arya,40887198
1748,,Ali Asgar (actor),13164506
1749,,Amitabh Bachchan,1828
1750,,Mohnish Bahl,3014952
1751,,Rohit Bakshi (actor),49079857
1752,,Neha Bamb,9616181
1753,,Moon Banerrjee,50235961
1754,,Sandeep Baswana,15230816
1755,,Sanjay Batra,32260991
1756,,Hitesh Bharadwaj,66845080
1757,,Jaya Bhattacharya,16472971
1758,,Ruhi Chaturvedi,61617123
1759,,Pracheen Chauhan,40218159
1760,,Rajendra Chawla,56678094
1761,,Roshni Chopra,19640808
1762,,Chaitanya Choudhry,61588054
1763,,Vivek Dahiya,49631085
1764,,Sudhir Dalvi,2977749
1765,,Ashita Dhawan,30060746
1766,,Varun Dhawan,36736083
1767,,Dheeraj Dhoopar,40218112
1768,,Amit Dolawat,23830478
1769,,Nikita Dutta,46176781
1770,,Sanjay Gagnani,47013988
1771,,Rupali Ganguly,22668056
1772,,Kitu Gidwani,5947116
1773,,Manish Goel,42615845
1774,,Shubhangi Gokhale,53903596
1775,,Abir Goswami,39542166
1776,,Sailesh Gulabani,57446764
1777,,Megha Gupta,24702330
1778,,Sayani Gupta,50014939
1779,,Chetan Hansraj,40203327
1780,,Anita Hassanandani,5141908
1781,,Smriti Irani,731496
1782,,Samiksha Jaiswal,55634680
1783,,Jeetendra,1070743
1784,,Sriti Jha,10444431
1785,,Suvarna Jha,17279190
1786,,Dev Joshi,66117640
1787,,Poonam Joshi,40218530
1788,,Manit Joura,40247222
1789,,Gurbani Judge,40136622
1790,,Leena Jumani,26485602
1791,,Gautami Kapoor,40341004
1792,,Sonia Kapoor,41424966
1793,,Swati Kapoor,47179727
1794,,Achint Kaur,20432326
1795,,Alka Kaushal,44166739
1796,,Kavita Kaushik,21637681
1797,,Pratima Kazmi,19068557
1798,,Keerti Gaekwad Kelkar,11689642
1799,,Alam Khan (actor),43460120
1800,,Aleeza Khan,40797817
1801,,Eijaz Khan,13825510
1802,,Gauahar Khan,23513964
1803,,Mohammed Iqbal Khan,6432880
1804,,Rakshanda Khan,17540382
1805,,Rajesh Khera,32841232
1806,,Neena Kulkarni,29154625
1807,,Madhoo,2459696
1808,,Kanika Maheshwari,40740960
1809,,Pyumori Mehta Ghosh,49608030
1810,,Kishwer Merchant,31753848
1811,,Kali Prasad Mukherjee,58651333
1812,,Sushmita Mukherjee,8454596
1813,,Anjali Mukhi,40158659
1814,,Anjana Mumtaz,42255334
1815,,Aarun Nagar,62248964
1816,,Siddharth Nigam,45409760
1817,,Sonu Nigam,9549564
1818,,Nirmal Pandey,22683502
1819,,Rakesh Pandey,36769947
1820,,Sanjeev Pandey,62751939
1821,,Kamya Panjabi,12320896
1822,,Juhi Parmar,10428106
1823,,Zahida Parveen,55736310
1824,,Ankita Bhargava Patel,42193138
1825,,Karan Patel,13507042
1826,,Savita Prabhune,40742313
1827,,Gauri Pradhan,5515839
1828,,Aishwarya Raj Bhakuni,60260693
1829,,Vin Rana,50352660
1830,,Anas Rashid,35683663
1831,,Nisha Rawal,40185005
1832,,Rohit Roy,10457131
1833,,Ronit Roy,10076811
1834,,Achala Sachdev,12676239
1835,,Naveen Saini,46363480
1836,,Dheeraj Sarna,56757879
1837,,Ruchi Savarn,40469275
1838,,Ashlesha Sawant,40500849
1839,,Mazher Sayed,41389907
1840,,Barkha Sengupta,18179449
1841,,Prachee Shah Paandya,10249181
1842,,Mohommed Ali Shah,48770171
1843,,Jiya Shankar,66331385
1844,,Aamna Sharif,20235839
1845,,"Aditi Sharma (actress, born 1996)",62649663
1846,,Arunima Sharma,19640776
1847,,Varun Sharma (actor),48600501
1848,,Sanjeeda Sheikh,15701394
1849,,Nishant Shokeen,24361242
1850,,Sachin Shroff,16941961
1851,,Sidharth Shukla,25055816
1852,,Surekha Sikri,13943418
1853,,Amrita Singh,2452737
1854,,Nandini Singh,41353303
1855,,Shakti Singh (actor),38018258
1856,,Shikha Singh,40203213
1857,,Soni Singh,24122005
1858,,Vidya Sinha,7062615
1859,,Dolly Sohi,51635219
1860,,Supriya Shukla,35827210
1861,,Krip Suri,43076136
1862,,Amit Tandon,24074379
1863,,Arjit Taneja,42864925
1864,,Sakshi Tanwar,8798230
1865,,Hiten Tejwani,13075380
1866,,Shweta Tiwari,11097204
1867,,Yash Tonk,16315806
1868,,Divyanka Tripathi,17913853
1869,,Shilpa Tulaskar,28054923
1870,,Fenil Umrigar,38214943
1871,,Amit Varma (actor),20232296
1872,,Meera Vasudevan,25023356
1873,,Harish Verma,39177370
1874,,Gunjan Vijaya,43461103
1875,,Zarina Wahab,15267535
1876,,Gunjan Walia,40797846
1877,,Krishnam Raju,7275752
1878,,Krishnam Raju filmography,42386691
1879,,Rajesh Khanna,1862733
1880,,List of awards and nominations received by Rajesh Khanna,30381785
1881,,Rajesh Khanna filmography,28824326
1882,,Aadi (actor),36762247
1883,,Ali (actor),11958482
1884,,Sudheer Babu,34690489
1885,,Punarnavi Bhupalam,42395698
1886,,Ram Charan,13491433
1887,,Chandini Chowdary,65159247
1888,,Navdeep,7903276
1889,,Jaya Prada,3405103
1890,,N. T. Rama Rao Jr.,6127781
1891,,Satya (Telugu actor),61653622
1892,,Suhas,63761214
1893,,Vizag Prasad,63138905
1894,,Rubel Das,63976783
1895,,Sumit Gulati,54133928
1896,,Krishnendu Adhikari,58495007
1897,,Yash Rohan,61767750
1898,,Shahriaz,61383116
1899,,Anil Kapoor,1157583
1900,,Anil Kapoor filmography,49511211
1901,,List of awards and nominations received by Anil Kapoor,12975638
1902,,S. P. Balasubrahmanyam,33661381
1903,,List of awards and nominations received by S. P. Balasubrahmanyam,31656239
1904,,S. P. Balasubrahmanyam discography,47833209
1905,,S. P. Balasubrahmanyam filmography,44199983
1906,,Tere Mere Beech Mein,62715133
1907,,Jai (actor),18784303
1908,,Aarthi (actress),48580836
1909,,Amulya,19897997
1910,,Ananya (actress),29193829
1911,,Anju (actress),40458344
1912,,Baby Annie,61046710
1913,,Anusha (actress),44456177
1914,,Apoorva Arora,46374930
1915,,Leema Babu,48289586
1916,,Surangana Bandyopadhyay,45660251
1917,,Deepa Bhaskar,40599470
1918,,Shruti Bisht,39098229
1919,,Nayanthara Chakravarthy,58782273
1920,,Ahsaas Channa,19621895
1921,,Spandan Chaturvedi,43839660
1922,,Saloni Daini,23297857
1923,,Ruhanika Dhawan,43919140
1924,,Urvashi Dholakia,28093269
1925,,Khushi Dubey,13884409
1926,,Joshna Fernando,48617977
1927,,Hetal Gada,57448672
1928,,Papri Ghosh,50985519
1929,,Keerthi Gopinath,64446313
1930,,Avika Gor,26173994
1931,,Hemalatha,44721460
1932,,Daisy Irani (actress),18927137
1933,,Jamuna (actress),15584094
1934,,Jayasudha,7864469
1935,,Suhani Kalita,12094657
1936,,Kalpana (Malayalam actress),15115025
1937,,P. Kannamba,10846059
1938,,Ayesha Kapur,6855420
1939,,Kaveri (actress),15198738
1940,,Sparsh Khanchandani,28407986
1941,,Padma Khanna,25429403
1942,,Akshara Kishor,50249816
1943,,Padmini Kolhapure,8321972
1944,,Laya (actress),8563567
1945,,Malashri,16923868
1946,,Harshaali Malhotra,47012583
1947,,Manjula (Kannada actress),24031218
1948,,Urmila Matondkar,1379933
1949,,Mitali Mayekar,66414246
1950,,Meena (actress),1108872
1951,,Meera (Malayalam actress),43336229
1952,,Nithya Menen,25218991
1953,,Sindhu Menon,23122373
1954,,Valsala Menon,40386192
1955,,Hansika Motwani,6743683
1956,,Saranya Nag,35293822
1957,,Nanda (actress),4658971
1958,,Hiba Nawab,40166488
1959,,Nithya Ravindran,43149939
1960,,Baby Niveditha,26720630
1961,,T. R. Omana,40376920
1962,,Kutty Padmini,31358978
1963,,Ishita Panchal,40158329
1964,,Poornitha,18769024
1965,,Jannat Zubair Rahmani,56141959
1966,,Roja Ramani,20514125
1967,,Baby Rani,61054864
1968,,Neelima Rani,39171905
1969,,Kumari Rukmani,52320553
1970,,Bhavna Ruparel,45446328
1971,,Pooja Ruparel,40902470
1972,,Rupini,21919487
1973,,Achala Sachdev,12676239
1974,,Sana Saeed,2170854
1975,,Niyar Saikia,44941618
1976,,Sanusha,25731400
1977,,Sarika,9226361
1978,,Shafna,31607154
1979,,Azaan Rustam Shah,47996205
1980,,Parignya Pandya Shah,33541004
1981,,Fatima Sana Shaikh,38934199
1982,,Shalini,2998341
1983,,Shamili,19273295
1984,,Shreya Sharma,40639888
1985,,Sheela Kaur,25166296
1986,,Mona Ghosh Shetty,35216455
1987,,Shoba,4862609
1988,,Jhanak Shukla,3558275
1989,,Neetu Singh,1315358
1990,,Sridevi,1938728
1991,,Suchitra Murali,31653650
1992,,Sujitha,37159390
1993,,Tabassum,39803980
1994,,Tamannaah,8659345
1995,,Tanuja,2636139
1996,,Nivetha Thomas,31452819
1997,,Uma Bharani,61396267
1998,,Vaishnavi (Tamil actress),10294374
1999,,S. Varalakshmi,15716707
2000,,Zaynah Vastani,40256318
2001,,Ziyah Vastani,40246960
2002,,Deepa Venkat,30102239
2003,,Sridevi Vijaykumar,19676523
2004,,Vinodhini,46881203
2005,,Roshni Walia,42361317
2006,,Zaira Wasim,48488221
2007,,Shanthi Williams,39594171
2008,,Anisur Rahman Anis,61822336
2009,,Yash Rohan,61767750
2010,,Shahriaz,61383116
2011,,Nikhil Khurana,56882966
2012,,Harish Verma,39177370
2013,,Vikram Singh Chauhan,51023313
2014,,List of Bengali actresses,2318331
2015,,List of Bollywood actresses,24761459
2016,,List of Indian film actresses,376844
2017,,List of Kannada film actresses,58416032
2018,,List of Marathi film actresses,52008224
2019,,List of Tamil film actresses,56206510
2020,,List of Hindi television actresses,54362472
2021,,List of Indian television actresses,50059416
2022,,Saif Ali Khan,1606261
2023,,List of awards and nominations received by Saif Ali Khan,12642441
2024,,Saif Ali Khan filmography,39506917
2025,,Illuminati Films,34578196
2026,,Aapla Manus,56143129
2027,,Ajay Devgn FFilms,39047059
2028,,All the Best: Fun Begins,24117367
2029,,The Awakening (2006 film),32583294
2030,,Bol Bachchan,30856194
2031,,List of awards and nominations received by Ajay Devgn,12195140
2032,,Ajay Devgn,1085284
2033,,Ajay Devgn filmography,28832339
2034,,Devi (TV series),19950549
2035,,Helicopter Eela,56400093
2036,,Raju Chacha,14543900
2037,,Ramleela  Ajay Devgn Ke Saath,37434796
2038,,Rock-N-Roll Family,16066293
2039,,Shivaay,45605536
2040,,Singham Returns,38149565
2041,,Son of Sardaar,32558784
2042,,Swami Ramdev - Ek Sangharsh,57218631
2043,,Total Dhamaal,32416903
2044,,Tribhanga (film),62990097
2045,,U Me Aur Hum,25016098
2046,,Akhil Akkineni,48470500
2047,,Allu Arjun,4103708
2048,,Master Anand,47677203
2049,,Mahesh Babu,2633662
2050,,Ramesh Babu,36398250
2051,,"Vijay Babu (actor, born 1976)",45178599
2052,,Baiju Santhosh,40358681
2053,,Nandamuri Balakrishna,2184258
2054,,Subir Banerjee,6085540
2055,,Vishesh Bansal,40203601
2056,,Parth Bhalerao,42491942
2057,,Master Bharath,44388946
2058,,Soham Chakraborty,37292642
2059,,Ashwin Chitale,39298223
2060,,Saumya Daan,41694522
2061,,Sabu Dastagir,2071672
2062,,Parzaan Dastur,22402937
2063,,Bobby Deol,1041799
2064,,Nachiket Dighe,35209417
2065,,Sanjay Dutt,889645
2066,,Ashutosh Lobo Gajiwala,24326596
2067,,Bhavya Gandhi,26613713
2068,,Amresh Ganesh,53070382
2069,,Suresh Gopi,1630516
2070,,Kunal Goswami,62150384
2071,,Kamal Haasan,222346
2072,,Ali Haji (actor),36349453
2073,,Jugal Hansraj,1582985
2074,,Nandamuri Harikrishna,8588399
2075,,Indrajith Sukumaran,6886909
2076,,Azharuddin Mohammed Ismail,21750653
2077,,Jagdeep,4660443
2078,,Tanmay Jahagirdar,46216686
2079,,Jishnu Raghavan,6026265
2080,,Vinayak Joshi,27023046
2081,,Mohan Kanda,26040967
2082,,Rishi Kapoor,1315337
2083,,Shashi Kapoor,265130
2084,,Karan (actor),19129362
2085,,Aamir Khan,163038
2086,,Ahmed Khan (choreographer),27387831
2087,,Sajid Khan,5645868
2088,,Ayush Mahesh Khedekar,21400704
2089,,Kunal Khemu,6931207
2090,,Kishan Shrikanth,3706068
2091,,Vinoth Kishan,41820394
2092,,Kishore DS,52897964
2093,,Anand Krishnamoorthi,37031733
2094,,Harish Kumar (actor),18005881
2095,,Ratan Kumar,52614640
2096,,P. Sai Kumar,14468106
2097,,Tarun (Telugu actor),7275513
2098,,Mahendran (actor),41501426
2099,,Master Manjunath,32364531
2100,,Manoj Nandam,64204523
2101,,Yash Mistry,49056457
2102,,Pranav Mohanlal,10011599
2103,,Sivaram Mony,56648992
2104,,Neil Nitin Mukesh,13696994
2105,,Aditya Narayan,11092208
2106,,Sonu Nigam,9549564
2107,,Amey Pandya,20858404
2108,,Ganapathi S Poduval,48664158
2109,,Master Prabhakar,42752774
2110,,Aryan Prajapati,51472481
2111,,Babloo Prithiveeraj,55164999
2112,,Satyajeet Puri,32916140
2113,,Sree Raam,47096739
2114,,Sumeet Raghavan,28011406
2115,,Vijay Raghavendra,24593068
2116,,Puneeth Rajkumar,3539892
2117,,Sunil Raoh,35201857
2118,,Richard Rishi,25435420
2119,,Hrithik Roshan,5806040
2120,,Al Sabith,56881781
2121,,Sachin (actor),10730502
2122,,Darsheel Safary,15276803
2123,,Anuj Pandit Sharma,49993695
2124,,Aftab Shivdasani,1108304
2125,,Raju Shrestha,38684760
2126,,Rishabh Shukla,35296200
2127,,Silambarasan,3528679
2128,,"Vishal Singh (actor, born 1974)",47913343
2129,,Sudheesh,30269060
2130,,Tharun Sudhir,52685805
2131,,Suresh (Hindi films actor),51520922
2132,,Shafiq Syed,21829245
2133,,Tanish,37868404
2134,,Thamizh (actor),64250861
2135,,Tinku (actor),28749437
2136,,Karan Trivedi,35034803
2137,,Udayaraj,64005651
2138,,Ananda Vardhan,51390674
2139,,Shakthi Vasudevan,13584759
2140,,Madhav Vaze,42696152
2141,,Vijay (actor),1342873
2142,,Master Vithal,39039947
2143,,Arun Alexander,66231086
2144,,Murali Kumar,60743643
2145,,K. P. Sekar,61063567
2146,,Mohit Daga,63155191
2147,,BV Bhaskar,60042021
2148,,Amala Akkineni,10275879
2149,,Alpana Goswami,65269049
2150,,Rawshan Ara,56386178
2151,,Jayshree Arora,49342942
2152,,Bidita Bag,42529605
2153,,Surangana Bandyopadhyay,45660251
2154,,Sanghamitra Bandyopadhyay (actress),47998505
2155,,Malobika Banerjee,52864407
2156,,Shakuntala Barua,47698893
2157,,Nanditha Bose,41088009
2158,,Mithu Chakrabarty,37249076
2159,,Mimi Chakraborty,37854463
2160,,Rhea Chakraborty,41295681
2161,,Tanusree Chakraborty,37443555
2162,,Ushasie Chakraborty,36302925
2163,,Locket Chatterjee,35876435
2164,,Pallavi Chatterjee,62507205
2165,,Sabitri Chatterjee,8268967
2166,,Tannishtha Chatterjee,18744906
2167,,Amrita Chattopadhyay,58215669
2168,,Chunibala Devi,5859112
2169,,Sai Deodhar,27074970
2170,,Arundhati Devi,33231925
2171,,Chandrabati Devi,47992276
2172,,Seeta Devi (actress),17181475
2173,,Sumitra Devi (actress),53326393
2174,,Manali Dey,38868855
2175,,Ketaki Dutta,54785434
2176,,Swastika Dutta,65681532
2177,,Anju Ghosh,35759438
2178,,Chandrayee Ghosh,19930780
2179,,Ridhima Ghosh,38830289
2180,,Saayoni Ghosh,49526137
2181,,Chaiti Ghoshal,37576509
2182,,Olivia Gomez,56213200
2183,,Anita Guha,12197107
2184,,Kajal Gupta,53959112
2185,,Nusrat Jahan,32523642
2186,,Jayasree Kabir,8200788
2187,,Kajol,402850
2188,,Nasima Khan,56410481
2189,,Soha Ali Khan,2276463
2190,,Ekavali Khanna,45470339
2191,,Rita Koiral,55923560
2192,,List of Bengali actresses,2318331
2193,,Rukmini Maitra,52468502
2194,,Sauraseni Maitra,59800622
2195,,Iris Maity,39717124
2196,,Meenakshi (actress),21300755
2197,,Meghali,55362741
2198,,Koena Mitra,8348889
2199,,Debika Mitra,48397555
2200,,Shaoli Mitra,36245207
2201,,Tripti Mitra,34983014
2202,,Sanchari Mondal,60037313
2203,,Tanishaa Mukerji,2731821
2204,,Rumana Malik Munmun,57530328
2205,,Arpita Pal,19904318
2206,,Anindita Raychaudhury,61503809
2207,,Anuradha Roy (actress),47694078
2208,,Dolon Roy,36797380
2209,,Tiyasha Roy,66409944
2210,,Gargi Roychowdhury,43175928
2211,,Sagarika,23850472
2212,,Ena Saha,41072208
2213,,Mousumi Saha,56584191
2214,,Satarupa Sanyal,34329931
2215,,Sumita Sanyal,9799370
2216,,Sarajubala Devi,55798147
2217,,Sohini Sarkar,49469827
2218,,Chitra Sen,36252084
2219,,Nandana Sen,5933596
2220,,Piya Sengupta,47778725
2221,,Sohini Sengupta,36244599
2222,,Chitra Sinha,56403537
2223,,Moubani Sorcar,37199079
2224,,Sudeshna Roy,50714654
2225,,Sujata (actress),49102832
2226,,Tara Sundari,55799504
2227,,Ruma Guha Thakurta,4622606
2228,,Nusrat Imrose Tisha,43171999
2229,,Priyanka Upendra,19422136
2230,,Raj Kapoor,380483
2231,,List of awards and nominations received by Raj Kapoor,12972851
2232,,Raj Kapoor filmography,12972665
2233,,Raj Kapoor bibliography,44828766
2234,,R. K. Films,24008115
2235,,Arjun Rampal,957228
2236,,Arjun Rampal filmography,40568482
2237,,List of awards and nominations received by Arjun Rampal,34947521
